year,games,first,second,third,fourth,average_placement,stable_dan,stable_method
2018,2337,582,655,583,517,2.44287548,5.89940000,nodocchi_mixed_rooms_display
2019,11370,2931,3083,2997,2359,2.42075638,6.82619754,tokujou_formula
2020,5399,1437,1497,1389,1076,2.38970180,7.46003717,tokujou_formula
2021,7492,2167,2059,1792,1474,2.34343300,8.14450475,tokujou_formula
2022,0,0,0,0,0,,,no_ranked_games
2023,0,0,0,0,0,,,no_ranked_games
2024,0,0,0,0,0,,,no_ranked_games
2025,0,0,0,0,0,,,no_ranked_games
2026,0,0,0,0,0,,,no_ranked_games
